"mean","sd","2.5%","25%","50%","75%","97.5%","method","row_names"
0.953612660796855,0.277243678615861,0.403013624329193,0.778514972247984,0.953124987628585,1.12883466423688,1.50580288550582,"cov","d[2]"
1.4708684332971,0.322021083962125,0.839060640672381,1.26570373198579,1.46613691427931,1.6732969532423,2.12221210140981,"cov","d[3]"
1.17166165538659,0.278364440530202,0.625125720350064,0.991073889074445,1.16907259153106,1.35111801460898,1.72613028999052,"prior003","d[2]"
1.62067764644011,0.275630047681679,1.0790568755771,1.44306749701304,1.61936592958451,1.79514287339419,2.17461994024305,"prior003","d[3]"
0.937776703513595,0.282942751223976,0.37622945075042,0.757137587310325,0.936847411005935,1.1176566648221,1.50421690922993,"prior0307","d[2]"
1.49035782023468,0.329326006636918,0.845770330952318,1.28013040731237,1.48595267673283,1.69691846226005,2.15541197320911,"prior0307","d[3]"
0.809072394724986,0.278761886813076,0.248963407029014,0.633513555842962,0.812452583168611,0.986022294223745,1.3577856015309,"prior071","d[2]"
1.39255057288618,0.351360801697673,0.697625425875656,1.1713865108632,1.39054192357081,1.61347316717568,2.09940529250673,"prior071","d[3]"
